delete from people where id in (2,3);
insert  into `people`(`id`,`type`,`code`,`name`,`auxname`,`firstname`,`lastname`,`mobile`,`mail`,`website`,`mobile_addnls`,`fax`,`did`,`cost_center`,`mhcost`,`mhrate`,`geo_update_frq`,`work_hour_start`,`work_hour_end`,`status`,`loginenabled`,`enablecontact`,`enablepplauxname`,`created_at`,`updated_at`) 
values 
(2,'supplier','SX-00001','xavier',NULL,NULL,NULL,'','',NULL,NULL,NULL,NULL,NULL,'0.00','0.00',15,0,0,'ACTIVE',0,0,1,'2014-04-29 17:10:14','2014-04-29 17:10:14')
,(3,'supplier','SL-00001','lon',NULL,NULL,NULL,'','',NULL,NULL,NULL,NULL,NULL,'0.00','0.00',15,0,0,'ACTIVE',0,0,1,'2014-04-29 17:10:26','2014-04-29 17:10:26');
delete from products;
insert  into `products`(`id`,`category_id`,`code`,`name`,`auxname`,`desc`,`unit_cp`,`unit_sp`,`unit_sp_per`,`taxper`,`stock`,`rol`,`stockvalue`,`enableprdauxname`,`sptype`,`remarks`,`created_at`,`updated_at`)
 values 
(1,1,'A-00001','Aromatic Rice','পোলাও চাউল','Ctn X 1 10 Pkt','25.00','30.00','20.00','0.00',1000,NULL,'25000.00',1,0,NULL,'2014-04-29 17:12:22','2014-04-29 17:12:22')
,(2,1,'B-00001','Basmoti Rice','বাসমতি চাউল','Ctn X 1 10 Pkt','30.00','35.00','16.67','0.00',1000,NULL,'30000.00',1,0,NULL,'2014-04-29 17:13:14','2014-04-29 17:13:14')
,(3,1,'P-00001','Ponni Rice','পুন্নি চাউল','Ctn X 1 10 Pkt','25.00','30.00','20.00','0.00',1000,NULL,'25000.00',1,0,NULL,'2014-04-29 17:12:22','2014-04-29 17:12:22')
,(4,1,'M-00001','Musur Dall','মসুর ডাল','Ctn X 1 10 Pkt','30.00','35.00','16.67','0.00',1000,NULL,'30000.00',1,0,NULL,'2014-04-29 17:13:14','2014-04-29 17:13:14')
,(5,1,'M-00002','Muri','মুড়ি','Ctn X 1 10 Pkt','25.00','30.00','20.00','0.00',1000,NULL,'25000.00',1,0,NULL,'2014-04-29 17:12:22','2014-04-29 17:12:22')
,(6,1,'M-00003','M. Oil 1 Liter','সরিষার তৈল ১ লিটার','Ctn X 1 10 Pkt','30.00','35.00','16.67','0.00',1000,NULL,'30000.00',1,0,NULL,'2014-04-29 17:13:14','2014-04-29 17:13:14')
,(7,1,'M-00004','M. Oil 500 ml','সরিষার তৈল ৫০০ মিলি','Ctn X 1 10 Pkt','25.00','30.00','20.00','0.00',1000,NULL,'25000.00',1,0,NULL,'2014-04-29 17:12:22','2014-04-29 17:12:22')
,(8,1,'M-00005','M. Oil 250 ml','সরিষার তৈল ২৫০মিলি','Ctn X 1 10 Pkt','30.00','35.00','16.67','0.00',1000,NULL,'30000.00',1,0,NULL,'2014-04-29 17:13:14','2014-04-29 17:13:14')
,(9,1,'C-00001','Coriander Powder','ধনিয়ার গুড়া','Ctn X 1 10 Pkt','30.00','35.00','16.67','0.00',1000,NULL,'30000.00',1,0,NULL,'2014-04-29 17:13:14','2014-04-29 17:13:14')
,(10,1,'T-00001','Turmaric Powder','হলুদের গুড়া','Ctn X 1 10 Pkt','30.00','35.00','16.67','0.00',1000,NULL,'30000.00',1,0,NULL,'2014-04-29 17:13:14','2014-04-29 17:13:14')
,(11,1,'C-00002','Chilli Powder','মরিচের গুড়া','Ctn X 1 10 Pkt','30.00','35.00','16.67','0.00',1000,NULL,'30000.00',1,0,NULL,'2014-04-29 17:13:14','2014-04-29 17:13:14')
,(12,1,'C-00003','Cumin Powder','জিরার গুড়া','Ctn X 1 10 Pkt','30.00','35.00','16.67','0.00',1000,NULL,'30000.00',1,0,NULL,'2014-04-29 17:13:14','2014-04-29 17:13:14')
,(13,1,'S-00001','Semai','সেমাই','Ctn X 1 10 Pkt','30.00','35.00','16.67','0.00',1000,NULL,'30000.00',1,0,NULL,'2014-04-29 17:13:14','2014-04-29 17:13:14')
,(14,1,'D-00001','Dry Chilli','শুকনা মরিচ','Ctn X 1 10 Pkt','30.00','35.00','16.67','0.00',1000,NULL,'30000.00',1,0,NULL,'2014-04-29 17:13:14','2014-04-29 17:13:14')
,(15,1,'B-00002','Bay Leaves','তেজপাতা','Ctn X 1 10 Pkt','30.00','35.00','16.67','0.00',1000,NULL,'30000.00',1,0,NULL,'2014-04-29 17:13:14','2014-04-29 17:13:14')
,(16,1,'B-00003','Bomby Chanachur','বোম্বে চানাচুর','Ctn X 1 10 Pkt','30.00','35.00','16.67','0.00',1000,NULL,'30000.00',1,0,NULL,'2014-04-29 17:13:14','2014-04-29 17:13:14')
,(17,1,'D-00002','Dalmut Chanachur','ডালমুট চানাচুর','Ctn X 1 10 Pkt','30.00','35.00','16.67','0.00',1000,NULL,'30000.00',1,0,NULL,'2014-04-29 17:13:14','2014-04-29 17:13:14')
,(18,1,'R-00001','Ruchi Chanachur','রুচি চানাচুর','Ctn X 1 10 Pkt','30.00','35.00','16.67','0.00',1000,NULL,'30000.00',1,0,NULL,'2014-04-29 17:13:14','2014-04-29 17:13:14')
,(19,1,'P-00002','Pran Chanachur','প্রাণ চানাচুর','Ctn X 1 10 Pkt','30.00','35.00','16.67','0.00',1000,NULL,'30000.00',1,0,NULL,'2014-04-29 17:13:14','2014-04-29 17:13:14')
,(20,1,'B-00004','Baby Toast','বেবি টোষ্ট','Ctn X 1 10 Pkt','30.00','35.00','16.67','0.00',1000,NULL,'30000.00',1,0,NULL,'2014-04-29 17:13:14','2014-04-29 17:13:14')
,(21,1,'B-00005','Butter Toast','বাটার টোষ্ট','Ctn X 1 10 Pkt','30.00','35.00','16.67','0.00',1000,NULL,'30000.00',1,0,NULL,'2014-04-29 17:13:14','2014-04-29 17:13:14')
,(22,1,'S-00002','Sugar Toast','সুগার টোষ্ট','Ctn X 1 10 Pkt','30.00','35.00','16.67','0.00',1000,NULL,'30000.00',1,0,NULL,'2014-04-29 17:13:14','2014-04-29 17:13:14')
,(23,1,'P-00003','Pran Toast','প্রাণ টোষ্ট','Ctn X 1 10 Pkt','30.00','35.00','16.67','0.00',1000,NULL,'30000.00',1,0,NULL,'2014-04-29 17:13:14','2014-04-29 17:13:14')
,(24,1,'M-00006','Milk Biscuit','মিল্ক ক্রিম বিস্কুট','Ctn X 1 10 Pkt','30.00','35.00','16.67','0.00',1000,NULL,'30000.00',1,0,NULL,'2014-04-29 17:13:14','2014-04-29 17:13:14')
,(25,1,'M-00007','Mango Pickal','আমের আচার','Ctn X 1 10 Pkt','30.00','35.00','16.67','0.00',1000,NULL,'30000.00',1,0,NULL,'2014-04-29 17:13:14','2014-04-29 17:13:14')
,(26,1,'O-00001','Olive Pickal','জলপাই আচার','Ctn X 1 10 Pkt','30.00','35.00','16.67','0.00',1000,NULL,'30000.00',1,0,NULL,'2014-04-29 17:13:14','2014-04-29 17:13:14')
,(27,1,'M-00008','Mixed Pickal','মিক্স আচার','Ctn X 1 10 Pkt','30.00','35.00','16.67','0.00',1000,NULL,'30000.00',1,0,NULL,'2014-04-29 17:13:14','2014-04-29 17:13:14')
,(28,1,'Y-00001','Yeousuvgular Vushi','ইউসুভগুলের ভুসি','Ctn X 1 10 Pkt','30.00','35.00','16.67','0.00',1000,NULL,'30000.00',1,0,NULL,'2014-04-29 17:13:14','2014-04-29 17:13:14')
,(29,1,'C-00004','Chana Bot','ছোলা বুট','Ctn X 1 10 Pkt','30.00','35.00','16.67','0.00',1000,NULL,'30000.00',1,0,NULL,'2014-04-29 17:13:14','2014-04-29 17:13:14')
,(30,1,'M-00009','Mug Dal','মুগ ডাল','Ctn X 1 10 Pkt','30.00','35.00','16.67','0.00',1000,NULL,'30000.00',1,0,NULL,'2014-04-29 17:13:14','2014-04-29 17:13:14')
,(31,1,'C-00005','Chana Dal','চানা ডাল','Ctn X 1 10 Pkt','30.00','35.00','16.67','0.00',1000,NULL,'30000.00',1,0,NULL,'2014-04-29 17:13:14','2014-04-29 17:13:14')
,(32,1,'F-00001','Flated Rice','চিড়া','Ctn X 1 10 Pkt','30.00','35.00','16.67','0.00',1000,NULL,'30000.00',1,0,NULL,'2014-04-29 17:13:14','2014-04-29 17:13:14')
,(33,1,'P-00004','Pineapple Biscuit','পাইন আপেল বিস্কুট','Ctn X 1 10 Pkt','30.00','35.00','16.67','0.00',1000,NULL,'30000.00',1,0,NULL,'2014-04-29 17:13:14','2014-04-29 17:13:14')
,(34,1,'E-00001','Elachi Biscuit','এলাচি বিস্কুট','Ctn X 1 10 Pkt','30.00','35.00','16.67','0.00',1000,NULL,'30000.00',1,0,NULL,'2014-04-29 17:13:14','2014-04-29 17:13:14')
,(35,1,'B-00006','Bangoj Biscuit','বঙ্গজ বিস্কুট','Ctn X 1 10 Pkt','30.00','35.00','16.67','0.00',1000,NULL,'30000.00',1,0,NULL,'2014-04-29 17:13:14','2014-04-29 17:13:14')
,(36,1,'H-00001','Horlicks Biscuit','হরলিকস্ বিস্কুট','Ctn X 1 10 Pkt','30.00','35.00','16.67','0.00',1000,NULL,'30000.00',1,0,NULL,'2014-04-29 17:13:14','2014-04-29 17:13:14')
,(37,1,'P-00005','Penut Biscuit','বাদাম বিস্কুট','Ctn X 1 10 Pkt','30.00','35.00','16.67','0.00',1000,NULL,'30000.00',1,0,NULL,'2014-04-29 17:13:14','2014-04-29 17:13:14')
,(38,1,'C-00006','Chirota','চিরুতা','Ctn X 1 10 Pkt','30.00','35.00','16.67','0.00',1000,NULL,'30000.00',1,0,NULL,'2014-04-29 17:13:14','2014-04-29 17:13:14')
,(39,1,'T-00002','Tiger Energy Drink','টাইগার এনার্জি ডি্রংক','Ctn X 1 10 Pkt','30.00','35.00','16.67','0.00',1000,NULL,'30000.00',1,0,NULL,'2014-04-29 17:13:14','2014-04-29 17:13:14')
,(40,1,'P-00006','Pran Juice 1 Liter','প্রাণ জুস ১ লিটার','Ctn X 1 10 Pkt','30.00','35.00','16.67','0.00',1000,NULL,'30000.00',1,0,NULL,'2014-04-29 17:13:14','2014-04-29 17:13:14')
,(41,1,'P-00007','Pran Juice 500 ml','প্রাণ জুস ৫০০ মিলি','Ctn X 1 10 Pkt','30.00','35.00','16.67','0.00',1000,NULL,'30000.00',1,0,NULL,'2014-04-29 17:13:14','2014-04-29 17:13:14')
,(42,1,'P-00008','Pran Juice 250 ml','প্রাণ জুস ২৫০ মিলি','Ctn X 1 10 Pkt','30.00','35.00','16.67','0.00',1000,NULL,'30000.00',1,0,NULL,'2014-04-29 17:13:14','2014-04-29 17:13:14')
,(43,1,'P-00009','Pran Coriander Powder','প্রাণ ধনিয়ার গুড়া','Ctn X 1 10 Pkt','30.00','35.00','16.67','0.00',1000,NULL,'30000.00',1,0,NULL,'2014-04-29 17:13:14','2014-04-29 17:13:14')
,(44,1,'P-00010','Pran Turmaric Powder','প্রাণ হলুদের গুড়া','Ctn X 1 10 Pkt','30.00','35.00','16.67','0.00',1000,NULL,'30000.00',1,0,NULL,'2014-04-29 17:13:14','2014-04-29 17:13:14')
,(45,1,'P-00011','Pran Chilli Powder','প্রাণ মরিচের গুড়া','Ctn X 1 10 Pkt','30.00','35.00','16.67','0.00',1000,NULL,'30000.00',1,0,NULL,'2014-04-29 17:13:14','2014-04-29 17:13:14')
,(46,1,'P-00012','Pran Cumin Powder','প্রাণ জিরার গুড়া','Ctn X 1 10 Pkt','30.00','35.00','16.67','0.00',1000,NULL,'30000.00',1,0,NULL,'2014-04-29 17:13:14','2014-04-29 17:13:14')
,(47,1,'B-00007','Bonoful Semai','বনফুল সেমাই','Ctn X 1 10 Pkt','30.00','35.00','16.67','0.00',1000,NULL,'30000.00',1,0,NULL,'2014-04-29 17:13:14','2014-04-29 17:13:14');
delete from `productpeople`;
insert  into `productpeople`(`id`,`product_id`,`person_id`,`type`) values 
(1,1,3,'supplier')
,(2,2,3,'supplier')
,(3,3,3,'supplier')
,(4,4,3,'supplier')
,(5,5,3,'supplier')
,(6,6,3,'supplier')
,(7,7,3,'supplier')
,(8,8,3,'supplier')
,(9,9,3,'supplier')
,(10,10,3,'supplier')
,(11,11,3,'supplier')
,(12,12,3,'supplier')
,(13,13,2,'supplier')
,(14,14,2,'supplier')
,(15,15,2,'supplier')
,(16,16,2,'supplier')
,(17,17,2,'supplier')
,(18,18,2,'supplier')
,(19,19,2,'supplier')
,(20,20,2,'supplier')
,(21,21,2,'supplier')
,(22,22,2,'supplier')
,(23,23,2,'supplier')
,(24,24,2,'supplier')
,(25,25,3,'supplier')
,(26,26,3,'supplier')
,(27,27,3,'supplier')
,(28,28,3,'supplier')
,(29,29,3,'supplier')
,(30,30,3,'supplier')
,(31,31,3,'supplier')
,(32,32,3,'supplier')
,(33,33,3,'supplier')
,(34,34,3,'supplier')
,(35,35,3,'supplier')
,(36,36,3,'supplier')
,(37,37,2,'supplier')
,(38,38,2,'supplier')
,(39,39,2,'supplier')
,(40,40,2,'supplier')
,(41,41,2,'supplier')
,(42,42,2,'supplier')
,(43,43,2,'supplier')
,(44,44,2,'supplier')
,(45,45,2,'supplier')
,(46,46,2,'supplier')
,(47,47,2,'supplier');
